,label,score
0,NEGATIVE,0.9984908103942871
1,POSITIVE,0.9997939467430115
2,NEGATIVE,0.9809386730194092
3,NEGATIVE,0.9984394907951355
4,NEGATIVE,0.9938881993293762
