,label,score
0,NEGATIVE,0.9959327578544617
1,POSITIVE,0.9902017712593079
2,NEGATIVE,0.9931661486625671
3,POSITIVE,0.6170516014099121
4,POSITIVE,0.9986860156059265
