,label,score
0,POSITIVE,0.9997643828392029
1,POSITIVE,0.9998658895492554
2,POSITIVE,0.9998779296875
3,NEGATIVE,0.9964486360549927
4,POSITIVE,0.9911860823631287
