,label,score
0,POSITIVE,0.9998611211776733
1,POSITIVE,0.9824239015579224
2,NEGATIVE,0.9637057781219482
3,NEGATIVE,0.9528269171714783
