,label,score
0,NEGATIVE,0.9985190033912659
1,NEGATIVE,0.9859311580657959
2,POSITIVE,0.9997698664665222
3,NEGATIVE,0.9983598589897156
