,label,score
0,POSITIVE,0.9521612524986267
1,POSITIVE,0.9998717308044434
2,POSITIVE,0.9995689988136292
3,NEGATIVE,0.9979565143585205
4,NEGATIVE,0.8125565648078918
