,label,score
0,NEGATIVE,0.9785353541374207
1,POSITIVE,0.9978825449943542
2,POSITIVE,0.9987603425979614
3,POSITIVE,0.999198853969574
4,NEGATIVE,0.8421186208724976
5,NEGATIVE,0.9943674206733704
6,NEGATIVE,0.9963976740837097
7,POSITIVE,0.610954761505127
