,label,score
0,NEGATIVE,0.8118644952774048
1,NEGATIVE,0.9991129040718079
2,POSITIVE,0.9815294146537781
