,label,score
0,POSITIVE,0.9796410799026489
1,POSITIVE,0.9996040463447571
2,NEGATIVE,0.9945595860481262
3,NEGATIVE,0.9861229658126831
4,POSITIVE,0.9969342947006226
