,label,score
0,NEGATIVE,0.9988783001899719
1,NEGATIVE,0.9989932179450989
2,POSITIVE,0.9998352527618408
3,POSITIVE,0.9000705480575562
4,POSITIVE,0.9100075364112854
