,label,score
0,POSITIVE,0.9990192651748657
1,POSITIVE,0.9977520108222961
2,POSITIVE,0.9998237490653992
