,label,score
0,NEGATIVE,0.9908571839332581
1,POSITIVE,0.9998176693916321
2,POSITIVE,0.9993003606796265
