,label,score
0,POSITIVE,0.9986860156059265
1,POSITIVE,0.9913859367370605
2,POSITIVE,0.9992140531539917
3,POSITIVE,0.8530102968215942
4,NEGATIVE,0.9531888365745544
