,label,score
0,NEGATIVE,0.9930340051651001
1,NEGATIVE,0.9996094107627869
2,NEGATIVE,0.9035308361053467
3,NEGATIVE,0.8913743495941162
