,label,score
0,POSITIVE,0.9796410799026489
1,POSITIVE,0.9996040463447571
2,NEGATIVE,0.9861229658126831
3,POSITIVE,0.9969342947006226
