,label,score
0,POSITIVE,0.9990684390068054
1,NEGATIVE,0.9966447353363037
2,POSITIVE,0.9993219375610352
3,POSITIVE,0.9978421926498413
