,label,score
0,NEGATIVE,0.9459185600280762
1,NEGATIVE,0.9980608820915222
2,POSITIVE,0.9995520710945129
3,NEGATIVE,0.9002730250358582
4,NEGATIVE,0.9974454641342163
