,label,score
0,NEGATIVE,0.9886513948440552
1,POSITIVE,0.9521612524986267
2,POSITIVE,0.9998717308044434
3,POSITIVE,0.9995689988136292
4,NEGATIVE,0.9979565143585205
