,label,score
0,NEGATIVE,0.9959327578544617
1,POSITIVE,0.9997881054878235
2,POSITIVE,0.9902017712593079
3,NEGATIVE,0.9931661486625671
4,POSITIVE,0.6170516014099121
