,label,score
0,POSITIVE,0.9997430443763733
1,POSITIVE,0.9993137121200562
2,NEGATIVE,0.9444181323051453
3,POSITIVE,0.9970333576202393
4,POSITIVE,0.9971410036087036
5,POSITIVE,0.9739969372749329
6,NEGATIVE,0.9689675569534302
