,label,score
0,NEGATIVE,0.9980608820915222
1,POSITIVE,0.9995520710945129
2,POSITIVE,0.9671050310134888
3,NEGATIVE,0.9002730250358582
4,NEGATIVE,0.9974454641342163
